{
    "ABIO": 128811.23000000001,
    "ABRD": 275562.039,
    "ACKO": 0,
    "AFKS": 1084118.0420000001,
    "AFLT": 1025596.167,
    "AGRO": 467032.534,
    "AKRN": 51771.056,
    "ALRS": 2905775.901,
    "AMEZ": 120917.843,
    "APTK": 134691.653,
    "AQUA": 369535.017,
    "ARSA": 12245.603,
    "ASSB": 16154.542000000001,
    "AVAN": 24682.224000000002,
    "BANE": 210926.109,
    "BANEP": 952480.034,
    "BELU": 1047502.079,
    "BISVP": 4238.364,
    "BLNG": 226896.94799999997,
    "BRZL": 5897.048,
    "BSPB": 1170834.484,
    "BSPBP": 105243.796,
    "CARM": 183301.274,
    "CBOM": 393052.204,
    "CHGZ": 2796.1620000000003,
    "CHKZ": 9136.319,
    "CHMF": 2203684.916,
    "CHMK": 132313.993,
    "CIAN": 103239.89,
    "CNTL": 97754.93,
    "CNTLP": 91184.125,
    "DIOD": 27180.356,
    "DSKY": 30616.383,
    "DVEC": 102269.827,
    "DZRD": 11369.721000000001,
    "DZRDP": 15377.59,
    "EELT": 21497.581000000002,
    "ELFV": 218081.11800000002,
    "ELTZ": 32781.238,
    "ENPG": 362855.963,
    "ETLN": 155316.33800000002,
    "FEES": 676507.878,
    "FESH": 1357953.12,
    "FIVE": 1600765.486,
    "FIXP": 295157.144,
    "FLOT": 3004866.8200000003,
    "GAZA": 21024.262000000002,
    "GAZAP": 5212.222,
    "GAZC": 0,
    "GAZP": 7373870.125,
    "GAZS": 0,
    "GAZT": 0,
    "GCHE": 165091.072,
    "GECO": 52707.823,
    "GEMA": 6113.254000000001,
    "GEMC": 168826.256,
    "GLTR": 901843.668,
    "GMKN": 3070460.604,
    "GTRK": 473341.398,
    "HHRU": 241808.16,
    "HIMCP": 21040.272,
    "HMSG": 8755.295,
    "HYDR": 451193.81799999997,
    "IGST": 23227.219,
    "IGSTP": 14233.472,
    "INGR": 31922.35,
    "IRAO": 700625.198,
    "IRKT": 611352.785,
    "JNOS": 2985.105,
    "JNOSP": 5590.816999999999,
    "KAZT": 43239.115,
    "KAZTP": 13081.426,
    "KBSB": 23543.497,
    "KCHE": 24779.613999999998,
    "KCHEP": 11472.971,
    "KGKC": 5442.121,
    "KGKCP": 9238.129,
    "KLSB": 252911.649,
    "KMAZ": 402809.054,
    "KMEZ": 18106.29,
    "KMTZ": 24806.497999999996,
    "KOGK": 2999.094,
    "KRKN": 2303.98,
    "KRKNP": 48265.554000000004,
    "KRKOP": 6555.665,
    "KROT": 202896.01799999998,
    "KROTP": 8110.864,
    "KRSB": 12479.295,
    "KRSBP": 6315.632,
    "KTSB": 11951.372,
    "KTSBP": 8488.593,
    "KUBE": 67620.409,
    "KUZB": 28982.951,
    "KZOS": 79023.903,
    "KZOSP": 87722.641,
    "LENT": 61403.683999999994,
    "LIFE": 357945.538,
    "LKOH": 10983194.952,
    "LNZL": 34907.709,
    "LNZLP": 67567.53700000001,
    "LSNG": 176840.725,
    "LSNGP": 277862.016,
    "LSRG": 411525.49799999996,
    "LVHK": 19915.715,
    "MAGE": 17935.052,
    "MAGEP": 12335.017,
    "MAGN": 1889122.341,
    "MDMG": 173186.233,
    "MFGS": 3681.788,
    "MFGSP": 7836.909,
    "MGNT": 5725070.128,
    "MGNZ": 0,
    "MGTS": 5984.761,
    "MGTSP": 105539.897,
    "MISB": 14220.691,
    "MISBP": 18975.184,
    "MOEX": 1686524.469,
    "MRKC": 161765.549,
    "MRKK": 23153.684,
    "MRKP": 228305.337,
    "MRKS": 94748.437,
    "MRKU": 83722.09599999999,
    "MRKV": 129994.764,
    "MRKY": 52057.733,
    "MRKZ": 177102.08599999998,
    "MRSB": 21304.188000000002,
    "MSNG": 443087.685,
    "MSRS": 81937.95999999999,
    "MSTT": 187769.346,
    "MTLR": 2214901.289,
    "MTLRP": 448614.04000000004,
    "MTSS": 2922873.517,
    "MVID": 316245.284,
    "NAUK": 23189.797,
    "NFAZ": 25512.739,
    "NKHP": 390920.47,
    "NKNC": 68233.78,
    "NKNCP": 74091.054,
    "NKSH": 24678.176,
    "NLMK": 1928016.197,
    "NMTP": 2203654.428,
    "NNSB": 11100.039999999999,
    "NNSBP": 9840.815,
    "NSVZ": 184311.511,
    "NVTK": 2359523.618,
    "OGKB": 239332.934,
    "OKEY": 44102.584,
    "OMZZP": 7104.243,
    "OZON": 2247476.381,
    "PAZA": 25772.809,
    "PHOR": 978231.517,
    "PIKK": 589088.2490000001,
    "PLZL": 3810333.996,
    "PMSB": 56790.778000000006,
    "PMSBP": 27421.945,
    "POLY": 674602.172,
    "POSI": 550024.606,
    "PRFN": 125528.14300000001,
    "PRMB": 1559.353,
    "QIWI": 362758.543,
    "RASP": 811932.255,
    "RBCM": 35277.839,
    "RDRB": 14514.621,
    "RENI": 167693.49300000002,
    "RGSS": 24421.345,
    "RKKE": 159655.796,
    "RNFT": 1485780.054,
    "ROLO": 228261.093,
    "ROSB": 33001.415,
    "ROSN": 2724373.978,
    "ROST": 27911.696,
    "RTGZ": 1445.511,
    "RTKM": 427224.774,
    "RTKMP": 78924.625,
    "RTSB": 22744.736,
    "RTSBP": 15811.943,
    "RUAL": 1265700.3190000001,
    "RUSI": 18022.64,
    "RZSB": 11734.004,
    "SAGO": 14522.215,
    "SAGOP": 7329.327,
    "SARE": 28482.986,
    "SAREP": 16926.492,
    "SBER": 17552846.873,
    "SBERP": 1495996.209,
    "SELG": 935985.006,
    "SFIN": 115878.329,
    "SFTL": 273484.744,
    "SGZH": 1014237.9849999999,
    "SIBN": 582212.298,
    "SLEN": 22247.106,
    "SMLT": 1863043.2179999999,
    "SNGS": 1438315.917,
    "SNGSP": 3438971.3200000003,
    "SPBE": 587414.5109999999,
    "STSB": 17088.847,
    "STSBP": 21705.807,
    "SVAV": 612737.826,
    "SVET": 35653.695,
    "TASB": 15964.318,
    "TASBP": 7676.501,
    "TATN": 2324895.484,
    "TATNP": 546455.149,
    "TCSG": 2162961.9570000004,
    "TGKA": 837374.2150000001,
    "TGKB": 252452.721,
    "TGKBP": 44240.762,
    "TGKN": 314211.144,
    "TNSE": 36722.382,
    "TORS": 11071.558,
    "TORSP": 8335.118999999999,
    "TRMK": 1511071.332,
    "TRNFP": 3334690.06,
    "TTLK": 61344.759999999995,
    "TUZA": 19733.015,
    "UCSS": 916.16,
    "UKUZ": 7551.215,
    "UNAC": 697347.355,
    "UNKL": 30071.272,
    "UPRO": 508057.58,
    "URKZ": 2740.724,
    "USBN": 22103.612,
    "UTAR": 18036.717,
    "VEON-RX": 8582.109,
    "VGSB": 23358.465,
    "VGSBP": 17166.221,
    "VJGZ": 5894.493,
    "VJGZP": 3762.796,
    "VKCO": 1864275.3560000001,
    "VLHZ": 26518.403,
    "VRSB": 118202.852,
    "VRSBP": 17864.688000000002,
    "VSMO": 84525.841,
    "VSYD": 14644.76,
    "VSYDP": 10118.128,
    "VTBR": 6514232.486,
    "WTCM": 12200.204,
    "WTCMP": 8317.976999999999,
    "WUSH": 270353.314,
    "YAKG": 76017.051,
    "YKEN": 18515.288,
    "YKENP": 9339.761,
    "YNDX": 4103396.4699999997,
    "YRSB": 12180.704000000002,
    "YRSBP": 14248.677,
    "ZILL": 14057.995,
    "ZVEZ": 31482.405
}