{
    "ABIO": 132765.912,
    "ABRD": 255182.987,
    "ACKO": 0,
    "AFKS": 928934.493,
    "AFLT": 1240440.576,
    "AGRO": 291970.84900000005,
    "AKRN": 52844.395000000004,
    "ALRS": 2022271.591,
    "AMEZ": 127868.639,
    "APTK": 69779.583,
    "AQUA": 172124.933,
    "ARSA": 6883.868,
    "ASSB": 6111.664,
    "AVAN": 11095.537,
    "BANE": 327274.04099999997,
    "BANEP": 1232551.595,
    "BELU": 470587.652,
    "BISVP": 5860.223,
    "BLNG": 138088.373,
    "BRZL": 3899.6769999999997,
    "BSPB": 583912.483,
    "BSPBP": 90261.215,
    "CARM": 157415.056,
    "CBOM": 426702.445,
    "CHGZ": 2440.518,
    "CHKZ": 1419.052,
    "CHMF": 1624533.204,
    "CHMK": 14370.374,
    "CIAN": 71767.304,
    "CNTL": 50533.391,
    "CNTLP": 50021.806,
    "DIOD": 14802.078000000001,
    "DSKY": 34738.378,
    "DVEC": 21198.146,
    "DZRD": 2811.819,
    "DZRDP": 3070.0409999999997,
    "EELT": 12240.496000000001,
    "ELFV": 74401.81700000001,
    "ELTZ": 27217.808,
    "ENPG": 266076.839,
    "ETLN": 168558.54100000003,
    "FEES": 520760.579,
    "FESH": 626874.88,
    "FIVE": 1019697.002,
    "FIXP": 194041.787,
    "FLOT": 1951921.639,
    "GAZA": 27571.522,
    "GAZAP": 6622.564,
    "GAZC": 0,
    "GAZP": 7007979.808,
    "GAZS": 0,
    "GAZT": 0,
    "GCHE": 49064.209,
    "GECO": 120239.45800000001,
    "GEMA": 2597.353,
    "GEMC": 112773.056,
    "GLTR": 351916.928,
    "GMKN": 2335658.045,
    "GTRK": 140482.769,
    "HHRU": 78831.418,
    "HIMCP": 13457.826000000001,
    "HMSG": 4426.466,
    "HYDR": 158764.886,
    "IGST": 10716.455000000002,
    "IGSTP": 6692.2029999999995,
    "INGR": 32846.375,
    "IRAO": 651585.766,
    "IRKT": 68946.834,
    "JNOS": 2787.767,
    "JNOSP": 4684.242,
    "KAZT": 38644.635,
    "KAZTP": 12903.77,
    "KBSB": 6025.696,
    "KCHE": 10079.979,
    "KCHEP": 3682.657,
    "KGKC": 2484.227,
    "KGKCP": 4330.352,
    "KLSB": 112712.08799999999,
    "KMAZ": 356819.532,
    "KMEZ": 5257.404,
    "KMTZ": 22248.837,
    "KOGK": 1431.15,
    "KRKN": 1536.9270000000001,
    "KRKNP": 38010.356,
    "KRKOP": 4704.909,
    "KROT": 83748.91,
    "KROTP": 3304.215,
    "KRSB": 8447.292,
    "KRSBP": 4504.551,
    "KTSB": 5372.254999999999,
    "KTSBP": 4063.083,
    "KUBE": 29135.975,
    "KUZB": 25586.912999999997,
    "KZOS": 67937.527,
    "KZOSP": 63890.707,
    "LENT": 50507.06,
    "LIFE": 237707.4,
    "LKOH": 8123335.737,
    "LNZL": 25878.691,
    "LNZLP": 54679.845,
    "LSNG": 67477.533,
    "LSNGP": 244860.58500000002,
    "LSRG": 423066.672,
    "LVHK": 10105.132,
    "MAGE": 4952.269,
    "MAGEP": 3682.4120000000003,
    "MAGN": 1389844.754,
    "MDMG": 81307.861,
    "MFGS": 2732.545,
    "MFGSP": 5831.5509999999995,
    "MGNT": 5100263.522,
    "MGNZ": 0,
    "MGTS": 2659.1980000000003,
    "MGTSP": 44169.712,
    "MISB": 4739.356,
    "MISBP": 9590.494,
    "MOEX": 906547.2619999999,
    "MRKC": 142875.967,
    "MRKK": 12549.477,
    "MRKP": 174653.859,
    "MRKS": 39628.368,
    "MRKU": 41197.289,
    "MRKV": 63271.961,
    "MRKY": 20656.61,
    "MRKZ": 36434.421,
    "MRSB": 8972.975999999999,
    "MSNG": 724007.058,
    "MSRS": 56174.14,
    "MSTT": 64218.522,
    "MTLR": 1748812.136,
    "MTLRP": 341874.88300000003,
    "MTSS": 2647181.873,
    "MVID": 173298.232,
    "NAUK": 3070.886,
    "NFAZ": 11877.882,
    "NKHP": 242912.478,
    "NKNC": 57539.24799999999,
    "NKNCP": 81196.339,
    "NKSH": 16214.769,
    "NLMK": 1473810.466,
    "NMTP": 420030.011,
    "NNSB": 3319.9710000000005,
    "NNSBP": 2661.063,
    "NSVZ": 42356.251000000004,
    "NVTK": 1871956.633,
    "OGKB": 295294.37100000004,
    "OKEY": 30770.012,
    "OMZZP": 3772.741,
    "OZON": 1063847.317,
    "PAZA": 11957.202,
    "PHOR": 772029.945,
    "PIKK": 374905.204,
    "PLZL": 4100895.7479999997,
    "PMSB": 22731.32,
    "PMSBP": 13316.333999999999,
    "POLY": 1627624.787,
    "POSI": 425585.287,
    "PRFN": 70598.633,
    "PRMB": 1679.125,
    "QIWI": 214774.27500000002,
    "RASP": 493631.04500000004,
    "RBCM": 8425.669,
    "RDRB": 13179.885,
    "RENI": 103794.076,
    "RGSS": 5386.82,
    "RKKE": 27159.616,
    "RNFT": 663209.087,
    "ROLO": 53856.479999999996,
    "ROSB": 19474.61,
    "ROSN": 2223569.139,
    "ROST": 12284.382,
    "RTGZ": 1333.415,
    "RTKM": 322434.165,
    "RTKMP": 44865.101,
    "RTSB": 7158.9400000000005,
    "RTSBP": 5055.359,
    "RUAL": 964637.0430000001,
    "RUSI": 11570.731,
    "RZSB": 12455.594,
    "SAGO": 9648.488,
    "SAGOP": 5036.244,
    "SARE": 14420.045,
    "SAREP": 9505.170999999998,
    "SBER": 18037807.506,
    "SBERP": 1501689.9449999998,
    "SELG": 548590.521,
    "SFIN": 17447.968999999997,
    "SFTL": 222493.647,
    "SGZH": 831219.421,
    "SIBN": 515259.33,
    "SLEN": 12359.068000000001,
    "SMLT": 1701246.334,
    "SNGS": 1081579.471,
    "SNGSP": 2447135.402,
    "SPBE": 478945.806,
    "STSB": 7171.182000000001,
    "STSBP": 16028.166,
    "SVAV": 787004.4169999999,
    "SVET": 17160.271999999997,
    "TASB": 7382.018,
    "TASBP": 5490.409000000001,
    "TATN": 1661940.518,
    "TATNP": 350564.83900000004,
    "TCSG": 1820553.9570000002,
    "TGKA": 536024.2679999999,
    "TGKB": 132536.374,
    "TGKBP": 56629.869999999995,
    "TGKN": 279239.895,
    "TNSE": 13723.284,
    "TORS": 6484.612,
    "TORSP": 4526.334,
    "TRMK": 741540.848,
    "TRNFP": 2558766.333,
    "TTLK": 34038.767,
    "TUZA": 7836.499,
    "UCSS": 458.293,
    "UKUZ": 3670.054,
    "UNAC": 46751.496,
    "UNKL": 12468.123,
    "UPRO": 385559.193,
    "URKZ": 1725.594,
    "USBN": 17402.695,
    "UTAR": 5677.043,
    "VEON-RX": 8316.707,
    "VGSB": 9124.177,
    "VGSBP": 8617.146,
    "VJGZ": 4011.162,
    "VJGZP": 2609.477,
    "VKCO": 1460917.516,
    "VLHZ": 19104.52,
    "VRSB": 74254.151,
    "VRSBP": 6509.777,
    "VSMO": 53710.255000000005,
    "VSYD": 6851.748,
    "VSYDP": 4114.664000000001,
    "VTBR": 6174628.148,
    "WTCM": 5619.379999999999,
    "WTCMP": 3946.259,
    "WUSH": 161892.803,
    "YAKG": 32642.699,
    "YKEN": 4651.269,
    "YKENP": 2369.318,
    "YNDX": 3945585.353,
    "YRSB": 5236.9580000000005,
    "YRSBP": 5295.656,
    "ZILL": 7595.253,
    "ZVEZ": 6894.821
}